age,sex,grand_deaths,skip_generation,value,older persons co-residing,number
60+,Female,30571,2.1999999999999997,673,60.20000000000001,16379
60+,Male,49811,2.1,1046,57.85,25646
