age,sex,grand_deaths,skip_generation,value,older persons co-residing,number
60+,Female,118297,3.4000000000000004,4022,15.35,16161
60+,Male,132190,2.6,3437,15.000000000000002,17647
