age,sex,grand_deaths,skip_generation,value,older persons co-residing,number
60+,Female,111759,3.4000000000000004,3800,15.35,15268
60+,Male,124884,2.6,3247,15.000000000000002,16672
