age,sex,grand_deaths,skip_generation,value,older persons co-residing,number
60+,Female,39740,2.1999999999999997,874,60.20000000000001,21292
60+,Male,64753,2.1,1360,57.85,33339
