age,gender,deaths,skip_generation,value,older persons co-residing,number
60+,Female,180.76509797754207,27,49,56.95,92
60+,Male,663.8180107732644,15,100,56.89999999999999,336
