age,gender,grand_deaths,skip_generation,value,older persons co-residing,number
60+,Female,17121,2.9000000000000004,497,14.400000000000002,2194
60+,Male,26163,1.7000000000000002,445,13.850000000000001,3225
