age,gender,grand_deaths,skip_generation,value,older persons co-residing,number
60+,Female,36182,2.9000000000000004,1049,14.400000000000002,4637
60+,Male,58659,1.7000000000000002,997,13.850000000000001,7231
