age,gender,grand_deaths,skip_generation,value,older persons co-residing,number
60+,Female,17777,2.9000000000000004,516,14.400000000000002,2278
60+,Male,44071,1.7000000000000002,749,13.850000000000001,5432
