age,gender,grand_deaths,skip_generation,value,older persons co-residing,number
60+,Female,37335,2.9000000000000004,1083,14.400000000000002,4785
60+,Male,59798,1.7000000000000002,1017,13.850000000000001,7371
