age,gender,grand_deaths,skip_generation,value,older persons co-residing,number
60+,Female,13454,2.9000000000000004,390,14.400000000000002,1724
60+,Male,20560,1.7000000000000002,350,13.850000000000001,2534
