age,gender,grand_deaths,skip_generation,value,older persons co-residing,number
60+,Female,47272,4.3999999999999995,2080,30.95,13021
60+,Male,73676,3.4000000000000004,2505,31.3,20524
