age,gender,grand_deaths,skip_generation,value,older persons co-residing,number
60+,Female,25770,19.400000000000002,4999,53.400000000000006,12247
60+,Male,22940,9.700000000000001,2225,43.15,8810
