age,gender,grand_deaths,skip_generation,value,older persons co-residing,number
60+,Female,26027,19.400000000000002,5049,53.400000000000006,12370
60+,Male,23170,9.700000000000001,2247,43.15,8898
