age,gender,grand_deaths,skip_generation,value,older persons co-residing,number
60+,Female,23455,19.400000000000002,4550,53.400000000000006,11147
60+,Male,24915,9.700000000000001,2417,43.15,9568
