age,sex,grand_deaths,skip_generation,value,older persons co-residing,number
60+,Female,84538,2.1999999999999997,1860,60.20000000000001,45294
60+,Male,137740,2.1,2893,57.85,70918
