age,sex,grand_deaths,skip_generation,value,older persons co-residing,number
60+,Female,86010,2.1999999999999997,1892,60.20000000000001,46082
60+,Male,140140,2.1,2943,57.85,72153
