age,gender,grand_deaths,skip_generation,value,older persons co-residing,number
60+,Female,44071,4.3999999999999995,1939,30.95,12140
60+,Male,69179,3.4000000000000004,2352,31.3,19271
