age,gender,grand_deaths,skip_generation,value,older persons co-residing,number
60+,Female,388054,2.1999999999999997,8537,7.449999999999999,25730
60+,Male,552015,1.6,8832,7.15,35127
