age,gender,grand_deaths,skip_generation,value,older persons co-residing,number
60+,Female,238725,2.1999999999999997,5252,7.449999999999999,15829
60+,Male,343585,1.6,5497,7.15,21864
