age,gender,grand_deaths,skip_generation,value,older persons co-residing,number
60+,Female,361789,2.1999999999999997,7959,7.449999999999999,23988
60+,Male,518551,1.6,8297,7.15,32998
