age,gender,grand_deaths,skip_generation,value,older persons co-residing,number
60+,Female,15628,19.400000000000002,3032,53.400000000000006,7427
60+,Male,14621,9.700000000000001,1418,43.15,5615
