age,gender,deaths,skip_generation,value,older persons co-residing,number
60+,Female,228.61468273630322,27,62,56.95,116
60+,Male,839.480158470925,15,126,56.89999999999999,425
