age,gender,grand_deaths,skip_generation,value,older persons co-residing,number
60+,Female,15195,19.400000000000002,2948,53.400000000000006,7221
60+,Male,14218,9.700000000000001,1379,43.15,5460
