age,sex,grand_deaths,skip_generation,value,older persons co-residing,number
60+,Female,199144,3.4000000000000004,6771,15.35,27206
60+,Male,222531,2.6,5786,15.000000000000002,29708
