age,sex,grand_deaths,skip_generation,value,older persons co-residing,number
60+,Female,195459,3.4000000000000004,6646,15.35,26703
60+,Male,218413,2.6,5679,15.000000000000002,29158
