age,gender,grand_deaths,skip_generation,value,older persons co-residing,number
60+,Female,191178,2.1999999999999997,4206,7.449999999999999,12676
60+,Male,290769,1.6,4652,7.15,18503
