age,gender,grand_deaths,skip_generation,value,older persons co-residing,number
60+,Female,153289,2.1999999999999997,3372,7.449999999999999,10164
60+,Male,233112,1.6,3730,7.15,14834
