age,gender,grand_deaths,skip_generation,value,older persons co-residing,number
60+,Female,61003,4.3999999999999995,2684,30.95,16804
60+,Male,93041,3.4000000000000004,3163,31.3,25918
