age,gender,grand_deaths,skip_generation,value,older persons co-residing,number
60+,Female,60962,4.3999999999999995,2682,30.95,16792
60+,Male,92981,3.4000000000000004,3161,31.3,25902
