age,gender,grand_deaths,skip_generation,value,older persons co-residing,number
60+,Female,59440,4.3999999999999995,2615,30.95,16373
60+,Male,91027,3.4000000000000004,3095,31.3,25357
