age,gender,grand_deaths,skip_generation,value,older persons co-residing,number
60+,Female,60865,4.3999999999999995,2678,30.95,16765
60+,Male,93212,3.4000000000000004,3169,31.3,25966
