age,gender,deaths,skip_generation,value,older persons co-residing,number
60+,Female,435.07677993614294,27,117,56.95,221
60+,Male,1596.6764688097878,15,240,56.89999999999999,809
