age,gender,deaths,skip_generation,value,older persons co-residing,number
60+,Female,443.0517107292698,27,120,56.95,225
60+,Male,1627.186210252013,15,244,56.89999999999999,824
